<?xml version="1.0" encoding="UTF-8"?>
<project xmlns:ivy="antlib:org.apache.ivy.ant" name="bda-utils" default="retrieve-bda" basedir=".">
<!--
$Id$
$HeadURL$

This ant build file downloads the bda project from the official NCICB Ivy Repository.  It also downloads files required to complete the operation if they do not exist.  This script aslo includes some sample publish tasks.  It can be called from other build scripts to download the bda project and it's supporting libraries.  Below is what you might add to your build.xml to use this script.

<ant inheritAll="false" inheritRefs="false" antfile="bda-ivy-build.xml"
	target="retrieve-bda">
	<property name="bda-utils.dir" value="${bda-utils.dir}"/>
	<property name="lib.dir" value="${lib.dir}"/>
</ant>

<import file="${bda-utils.dir}/bda-build-utils-1.0.xml" />
-->
	<!-- Properties -->
	<property name="lib.dir" location="${basedir}/lib" />
	<property name="software.dir" location="${basedir}" />
	<property name="target.dir" location="../"/>
	<property name="bda-utils.dir" location="${basedir}/bda-utils" />
	<property name="commonlibrary.dir" location=""/>
	<property name="bda.local.repo.dir" location="${software.dir}/../../bda-local-ivy-repo" />
	<property name="bda.version" value="0.9.0" />

	<property name="ivy.jar.file" value="ivy-2.0.0.jar" />
	<property name="ivy.settings.file" value="ivy-bda-settings.xml" />
	<property name="ivy.bda.file" value="ivy-bda-2.0.0.xml" />

	<property name="ivy.src.url" value="http://gforge.nci.nih.gov/svnroot/commonlibrary/trunk/ivy-repo/apache/ivy/2.0.0/${ivy.jar.file}" />
	<property name="ivy-bda.src.url.base" value="http://gforge.nci.nih.gov/svnroot/automation/trunk/software/bda-download" />

	<property name="ivy.dest.file" value="${lib.dir}/${ivy.jar.file}" />
	<!-- Paths-->
	<path id="ivy.classpath">
		<fileset dir="${lib.dir}">
			<include name="${ivy.jar.file}" />
		</fileset>
	</path>

	<!-- Conditions -->
	<condition property="ivy.available">
		<and>
			<available file="${ivy.dest.file}" />
		</and>
	</condition>
	<available file="${ivy.settings.file}" property="ivy.settings.available" />
	<available file="${ivy.bda.file}" property="ivy.bda.available" />
	<echo message="comonlibrary.dir=${commonlibrary.dir}"/>

	<!-- Targets -->
	<target name="init" description="Makes transcient directories">
		<mkdir dir="${lib.dir}" />
		<mkdir dir="${bda.local.repo.dir}" />
		<mkdir dir="${bda-utils.dir}" />
	</target>

	<target name="clean" description="Cleans transcient directories and files, also cleans ivy cache">
		<delete dir="${lib.dir}" />
		<delete dir="${bda.local.repo.dir}" />
		<delete dir="${bda-utils.dir}" />
		<delete>
			<fileset dir=".">
				<include name="${ivy.bda.file}" />
				<include name="${ivy.settings.file}" />
			</fileset>
		</delete>
		<ivy:cleancache />
	</target>

	<target name="download-ivy" unless="ivy.available" description="Downloads ivy jars if not present">
		<get src="${ivy.src.url}" dest="${ivy.dest.file}" />
	</target>

	<target name="download-ivy-settings" unless="ivy.settings.available" description="Downloads ivy settings file if not present">
		<get src="${ivy-bda.src.url.base}/${ivy.settings.file}" dest="${ivy.settings.file}" />
	</target>

	<target name="download-ivy-bda" unless="ivy.bda.available" description="Downloads ivy bda project file if not present">
		<get src="${ivy-bda.src.url.base}/${ivy.bda.file}" dest="${ivy.bda.file}" />
	</target>

	<target name="retrieve-bda" description="This task retrieves bda project.  It also depends on targets that will download files required to get the ivy bda project." depends="   init,   download-ivy,   download-ivy-settings,   download-ivy-bda   ">
		<taskdef resource="org/apache/ivy/ant/antlib.xml" uri="antlib:org.apache.ivy.ant" classpathref="ivy.classpath" />
		<property name="ivy.dep.file" value="${ivy.bda.file}" />
		<!-- Causes IVY to check last-modified http header to determine if it is going to download the file.  This can be modified on the resolver (settings file) with the resolve attribute of checkmodified.  It can also be set on the dependency level with the dependency attibute changing. If the web server does not send the http header last-modified it will never detect updates and you have to resort to clean cache to get the updated artifact and depeencies to download.-->
		<property name="ivy.resolver.default.check.modified" value="true" />
		<ivy:settings file="${ivy.settings.file}" />
		<ivy:resolve refresh="true" conf="runtime" />
		<ivy:retrieve pattern="${bda-utils.dir}/[artifact]-[revision].[ext]" conf="runtime" sync="true" />
		<!-- <echoproperties prefix="ivy."/> -->
		<unzip dest="${bda-utils.dir}">
			<fileset dir="${bda-utils.dir}">
				<include name="bda-build-utils*.zip" />
			</fileset>
		</unzip>
	</target>

	<target name="ivy-cleancache" description="Cleans ivy cache, only required if getting ivy errors.">
		<ivy:settings file="${ivy.settings.file}" />
		<ivy:cleancache />
	</target>

	<!-- This is an example target demonstrating publishing modules to the local ivy repository.  It is currently not working because of cache naming patterns -->
	<target name="ivy-publish">
		<taskdef resource="org/apache/ivy/ant/antlib.xml" uri="antlib:org.apache.ivy.ant" classpathref="ivy.classpath" />
		<property name="ivy.repo.url" value="http://gforge.nci.nih.gov/svnroot/commonlibrary/trunk" />
		<property name="ivy.sample.path" value="ivy-repo/jakarta/commons-logging/1.0.4" />
		<property name="ivy.sample.file" value="commons-logging-1.0.4.jar" />
		<property name="ivy.sample.ivy.jar.file" value="ivy.xml" />
		<property name="scratch.dir" value="scratch" />
		<property name="version" value="1.0.4" />
		<tstamp>
			<format property="now" pattern="yyyyMMddHHmmss" />
		</tstamp>
		<mkdir dir="${bda.local.repo.dir}" />
		<mkdir dir="${scratch.dir}" />
		<get src="${ivy.repo.url}/${ivy.sample.path}/${ivy.sample.file}" dest="${scratch.dir}/${ivy.sample.file}" />
		<get src="${ivy.repo.url}/${ivy.sample.path}/${ivy.sample.ivy.jar.file}" dest="${scratch.dir}/${ivy.sample.ivy.jar.file}" />
		<property name="ivy.dep.file" value="${scratch.dir}/ivy.xml" />
		<ivy:settings file="ivy-bda-settings.xml" />
		<ivy:info file="${ivy.dep.file}" />

		<echoproperties prefix="ivy" />
		<ivy:publish artifactspattern="${scratch.dir}/[artifact].jar" resolver="local-repo" pubrevision="${version}" status="release" forcedeliver="true" pubdate="${now}" update="true" />
	</target>

</project>
